hcpcs_code,description,application,group_code,category_name
A0021,Ambulance service outside state per mile,Ambulance,A,A-codes
A0100,Non-emergency transportation taxi,Transportation,A,A-codes
A0425,Ground mileage per mile,Ambulance,A,A-codes
B4034,Enteral feeding supply kit pump,Enteral nutrition,B,B-codes
B4150,Enteral formula nutritionally complete,Enteral nutrition,B,B-codes
B9002,Enteral nutrition infusion pump,Pump device,B,B-codes
C1713,Anchor for orthopedic repair implant,Implant device,C,C-codes
C1760,Integrated replacement cartridge,Medical device,C,C-codes
C1887,Catheter infusion for pain,Infusion device,C,C-codes
D0120,Periodic oral evaluation,Dental,D,D-codes
D0140,Limited oral evaluation problem focused,Dental,D,D-codes
D0150,Comprehensive oral evaluation,Dental,D,D-codes
E0114,Crutches underarm pair,Durable equipment,E,E-codes
E0260,Hospital bed semi-electric,Durable equipment,E,E-codes
E0601,Continuous airway pressure device,DME,E,E-codes
G0008,Flu vaccine admin,Preventive service,G,G-codes
G0010,Hepatitis B vaccine admin,Preventive service,G,G-codes
G0299,Home health skilled nurse visit,Home health,G,G-codes
H0001,Alcohol and drug assessment,Behavioral health,H,H-codes
H0005,Alcohol group counseling per session,Behavioral health,H,H-codes
H0031,Mental health assessment,Mental health,H,H-codes
J0129,Abatacept injection 10mg,Drug,J,J-codes
J0178,Aflibercept injection 1mg,Drug,J,J-codes
J1100,Dexamethasone injection 1mg,Drug,J,J-codes
K0001,Standard wheelchair,Equipment,K,K-codes
K0003,Lightweight wheelchair,Equipment,K,K-codes
K0821,Power wheelchair,Equipment,K,K-codes
L0112,Cervical collar padded,Orthotics,L,L-codes
L0120,Cervical collar semi-rigid,Orthotics,L,L-codes
L0323,Cervical thoracic brace,Orthotics,L,L-codes
M0201,Covid vaccine administration,Covid treatment,M,M-codes
M0243,Covid monoclonal infusion,Covid infusion,M,M-codes
M0244,Covid vaccine home admin,Covid,M,M-codes
P2028,Oxygen saturation test lab,Laboratory,P,P-codes
P3005,Fecal blood immunoassay,Laboratory,P,P-codes
P9604,Travel allowance specimen collection,Laboratory,P,P-codes
Q0138,Ferumoxytol injection non-ESRD,Drug,Q,Q-codes
Q0167,Promethazine 12.5mg oral,Drug,Q,Q-codes
Q9951,Contrast agent per ml,Imaging,Q,Q-codes
R0070,Transportation handling specimen,Radiology,R,R-codes
R0075,Transportation handling distance,Radiology,R,R-codes
S0020,Injection famotidine 20mg,Drug,S,S-codes
S0028,Injection imipenem 500mg,Drug,S,S-codes
S0183,Oral contraceptive monthly,Pharmacy,S,S-codes
T1001,Nursing assessment visit,Home health,T,T-codes
T1015,Clinic visit all-inclusive,Clinic,T,T-codes
T4535,Disposable diaper pediatric,Medical supply,T,T-codes
V2020,Frames standard eyewear,Vision,V,V-codes
V2100,Single vision lenses sphere,Vision,V,V-codes
V2200,Bifocal lenses sphere,Vision,V,V-codes
