hcpcs_code,description,application,group_code,category_name,long_description
A0021,Ambulance service outside state per mile,Ambulance,A,A-codes,Ambulance service outside state per mile
A0100,Non-emergency transportation taxi,Transportation,A,A-codes,Non-emergency transportation taxi
A0425,Ground mileage per mile,Ambulance,A,A-codes,Ground mileage per mile
B4034,Enteral feeding supply kit pump,Enteral nutrition,B,B-codes,Enteral feeding supply kit pump
B4150,Enteral formula nutritionally complete,Enteral nutrition,B,B-codes,Enteral formula nutritionally complete
B9002,Enteral nutrition infusion pump,Pump device,B,B-codes,Enteral nutrition infusion pump
C1713,Anchor for orthopedic repair implant,Implant device,C,C-codes,Anchor for orthopedic repair implant
C1760,Integrated replacement cartridge,Medical device,C,C-codes,Integrated replacement cartridge
C1887,Catheter infusion for pain,Infusion device,C,C-codes,Catheter infusion for pain
D0120,Periodic oral evaluation,Dental,D,D-codes,Periodic oral evaluation
D0140,Limited oral evaluation problem focused,Dental,D,D-codes,Limited oral evaluation problem focused
D0150,Comprehensive oral evaluation,Dental,D,D-codes,Comprehensive oral evaluation
E0114,Crutches underarm pair,Durable equipment,E,E-codes,Crutches underarm pair
E0260,Hospital bed semi-electric,Durable equipment,E,E-codes,Hospital bed semi-electric
E0601,Continuous airway pressure device,DME,E,E-codes,Continuous airway pressure device
G0008,Flu vaccine admin,Preventive service,G,G-codes,Flu vaccine admin
G0010,Hepatitis B vaccine admin,Preventive service,G,G-codes,Hepatitis B vaccine admin
G0299,Home health skilled nurse visit,Home health,G,G-codes,Home health skilled nurse visit
H0001,Alcohol and drug assessment,Behavioral health,H,H-codes,Alcohol and drug assessment
H0005,Alcohol group counseling per session,Behavioral health,H,H-codes,Alcohol group counseling per session
H0031,Mental health assessment,Mental health,H,H-codes,Mental health assessment
J0129,Abatacept injection 10mg,Drug,J,J-codes,Abatacept injection 10mg
J0178,Aflibercept injection 1mg,Drug,J,J-codes,Aflibercept injection 1mg
J1100,Dexamethasone injection 1mg,Drug,J,J-codes,Dexamethasone injection 1mg
K0001,Standard wheelchair,Equipment,K,K-codes,Standard wheelchair
K0003,Lightweight wheelchair,Equipment,K,K-codes,Lightweight wheelchair
K0821,Power wheelchair,Equipment,K,K-codes,Power wheelchair
L0112,Cervical collar padded,Orthotics,L,L-codes,Cervical collar padded
L0120,Cervical collar semi-rigid,Orthotics,L,L-codes,Cervical collar semi-rigid
L0323,Cervical thoracic brace,Orthotics,L,L-codes,Cervical thoracic brace
M0201,Covid vaccine administration,Covid treatment,M,M-codes,Covid vaccine administration
M0243,Covid monoclonal infusion,Covid infusion,M,M-codes,Covid monoclonal infusion
M0244,Covid vaccine home admin,Covid,M,M-codes,Covid vaccine home admin
P2028,Oxygen saturation test lab,Laboratory,P,P-codes,Oxygen saturation test lab
P3005,Fecal blood immunoassay,Laboratory,P,P-codes,Fecal blood immunoassay
P9604,Travel allowance specimen collection,Laboratory,P,P-codes,Travel allowance specimen collection
Q0138,Ferumoxytol injection non-ESRD,Drug,Q,Q-codes,Ferumoxytol injection non-ESRD
Q0167,Promethazine 12.5mg oral,Drug,Q,Q-codes,Promethazine 12.5mg oral
Q9951,Contrast agent per ml,Imaging,Q,Q-codes,Contrast agent per ml
R0070,Transportation handling specimen,Radiology,R,R-codes,Transportation handling specimen
R0075,Transportation handling distance,Radiology,R,R-codes,Transportation handling distance
S0020,Injection famotidine 20mg,Drug,S,S-codes,Injection famotidine 20mg
S0028,Injection imipenem 500mg,Drug,S,S-codes,Injection imipenem 500mg
S0183,Oral contraceptive monthly,Pharmacy,S,S-codes,Oral contraceptive monthly
T1001,Nursing assessment visit,Home health,T,T-codes,Nursing assessment visit
T1015,Clinic visit all-inclusive,Clinic,T,T-codes,Clinic visit all-inclusive
T4535,Disposable diaper pediatric,Medical supply,T,T-codes,Disposable diaper pediatric
V2020,Frames standard eyewear,Vision,V,V-codes,Frames standard eyewear
V2100,Single vision lenses sphere,Vision,V,V-codes,Single vision lenses sphere
V2200,Bifocal lenses sphere,Vision,V,V-codes,Bifocal lenses sphere
